{"cameraMode":{"drawMode":0,"name":"Shaded","section":"Shading Mode"},"sceneLighting":true,"audioPlay":false,"sceneViewState":{"showFog":true,"showMaterialUpdate":false,"showSkybox":true,"showFlares":true,"showImageEffects":true,"showParticleSystems":true},"in2DMode":false,"pivot":{"x":15.982696533203125,"y":3.682908535003662,"z":4.199526786804199},"rotation":{"x":0.0034998704213649036,"y":0.8122372031211853,"z":-0.0048734648153185848,"w":0.5832986235618591},"size":7.9435906410217289,"orthographic":true}